sutta_uid,nikaya,book_number,vagga,person_id,person_name,mention_count
an02.018.than.html,AN,18,2,670,Buddha,4
an02.018.than.html,AN,18,2,775,Ven. Ānanda,7
an02.023.than.html,AN,23,2,670,Buddha,6
an02.025.than.html,AN,25,2,670,Buddha,2
an02.031.than.html,AN,,2,670,Buddha,1
an02.033.niza.html,AN,33,2,670,Buddha,11
an02.038.than.html,AN,38,2,670,Buddha,2
an02.046.than.html,AN,46,2,670,Buddha,2
an03.015.than.html,AN,15,3,670,Buddha,2
an03.022.than.html,AN,22,3,670,Buddha,8
an03.034.than.html,AN,34,3,670,Buddha,8
an03.040.than.html,AN,40,3,670,Buddha,1
an03.051.than.html,AN,51,3,670,Buddha,5
an03.052.than.html,AN,52,3,670,Buddha,5
an03.057.than.html,AN,57,3,670,Buddha,5
an03.060.than.html,AN,60,3,670,Buddha,26
an03.060.than.html,AN,60,3,775,Ven. Ānanda,7
an03.065.soma.html,AN,65,3,670,Buddha,8
an03.065.than.html,AN,65,3,670,Buddha,9
an03.068.than.html,AN,68,3,670,Buddha,4
an03.070.than.html,AN,70,3,670,Buddha,13
an03.071.than.html,AN,71,3,670,Buddha,1
an03.071.than.html,AN,71,3,775,Ven. Ānanda,5
an03.072.than.html,AN,72,3,775,Ven. Ānanda,2
an03.073.than.html,AN,73,3,670,Buddha,8
an03.073.than.html,AN,73,3,775,Ven. Ānanda,2
an03.076.than.html,AN,76,3,670,Buddha,2
an03.076.than.html,AN,76,3,775,Ven. Ānanda,2
an03.077.than.html,AN,77,3,670,Buddha,2
an03.077.than.html,AN,77,3,775,Ven. Ānanda,2
an03.078.than.html,AN,78,3,670,Buddha,6
an03.078.than.html,AN,78,3,775,Ven. Ānanda,7
an03.083.than.html,AN,83,3,670,Buddha,2
an03.105.than.html,AN,105,3,661,Anathapindika,1
an03.105.than.html,AN,105,3,670,Buddha,2
an03.123.than.html,AN,123,3,670,Buddha,6
an03.126.than.html,AN,126,3,670,Buddha,6
an03.134.than.html,AN,134,3,670,Buddha,3
an04.001.than.html,AN,1,4,670,Buddha,6
an04.024.than.html,AN,24,4,670,Buddha,7
an04.028.than.html,AN,28,4,670,Buddha,1
an04.035.than.html,AN,35,4,670,Buddha,13
an04.036.than.html,AN,36,4,670,Buddha,5
an04.045.than.html,AN,45,4,670,Buddha,7
an04.050.than.html,AN,50,4,670,Buddha,1
an04.055.than.html,AN,55,4,670,Buddha,6
an04.062.than.html,AN,62,4,661,Anathapindika,1
an04.062.than.html,AN,62,4,670,Buddha,2
an04.067.piya.html,AN,67,4,670,Buddha,4
an04.067.than.html,AN,67,4,670,Buddha,3
an04.079.than.html,AN,79,4,670,Buddha,2
an04.079.than.html,AN,79,4,773,Ven. Sāriputta,2
an04.111.than.html,AN,111,4,670,Buddha,12
an04.123.than.html,AN,123,4,670,Buddha,4
an04.125.than.html,AN,125,4,670,Buddha,4
an04.159.than.html,AN,159,4,775,Ven. Ānanda,15
an04.170.than.html,AN,170,4,775,Ven. Ānanda,2
an04.174.than.html,AN,174,4,773,Ven. Sāriputta,5
an04.179.than.html,AN,179,4,773,Ven. Sāriputta,2
an04.179.than.html,AN,179,4,775,Ven. Ānanda,3
an04.183.than.html,AN,183,4,670,Buddha,5
an04.184.than.html,AN,184,4,670,Buddha,8
an04.199.than.html,AN,199,4,670,Buddha,1
an05.002.than.html,AN,2,5,670,Buddha,3
an05.028.than.html,AN,28,5,670,Buddha,4
an05.030.than.html,AN,30,5,670,Buddha,12
an05.034.than.html,AN,34,5,670,Buddha,8
an05.041.than.html,AN,41,5,661,Anathapindika,1
an05.041.than.html,AN,41,5,670,Buddha,2
an05.043.than.html,AN,43,5,661,Anathapindika,1
an05.043.than.html,AN,43,5,670,Buddha,2
an05.049.hekh.html,AN,49,5,696,King Pasenadi Kosala,1
an05.049.than.html,AN,49,5,670,Buddha,3
an05.049.than.html,AN,49,5,696,King Pasenadi Kosala,2
an05.051.than.html,AN,51,5,670,Buddha,3
an05.053.than.html,AN,53,5,670,Buddha,4
an05.073.than.html,AN,73,5,670,Buddha,2
an05.076.than.html,AN,76,5,670,Buddha,5
an05.079.than.html,AN,79,5,670,Buddha,1
an05.114.than.html,AN,114,5,670,Buddha,2
an05.114.than.html,AN,114,5,775,Ven. Ānanda,2
an05.121.than.html,AN,121,5,670,Buddha,1
an05.129.than.html,AN,129,5,670,Buddha,1
an05.140.than.html,AN,140,5,670,Buddha,1
an05.159.than.html,AN,159,5,670,Buddha,4
an05.159.than.html,AN,159,5,775,Ven. Ānanda,3
an05.176.than.html,AN,176,5,661,Anathapindika,1
an05.176.than.html,AN,176,5,670,Buddha,5
an05.176.than.html,AN,176,5,773,Ven. Sāriputta,1
an05.179.than.html,AN,179,5,661,Anathapindika,1
an05.179.than.html,AN,179,5,670,Buddha,8
an05.179.than.html,AN,179,5,773,Ven. Sāriputta,3
an05.180.than.html,AN,180,5,670,Buddha,14
an05.180.than.html,AN,180,5,776,Ven. Mahā Kassapa,6
an05.180.than.html,AN,180,5,775,Ven. Ānanda,3
an05.196.than.html,AN,196,5,670,Buddha,20
an06.013.than.html,AN,13,6,670,Buddha,18
an06.016.than.html,AN,16,6,670,Buddha,22
an06.019.than.html,AN,19,6,670,Buddha,19
an06.020.than.html,AN,20,6,670,Buddha,3
an06.037.than.html,AN,37,6,670,Buddha,2
an06.037.than.html,AN,37,6,766,Ven. Moggallana,3
an06.037.than.html,AN,37,6,777,Ven. Nandā,3
an06.037.than.html,AN,37,6,773,Ven. Sāriputta,3
an06.038.niza.html,AN,38,6,670,Buddha,10
an06.041.than.html,AN,41,6,670,Buddha,1
an06.042.than.html,AN,42,6,670,Buddha,12
an06.047.than.html,AN,47,6,670,Buddha,5
an06.049.than.html,AN,49,6,670,Buddha,11
an06.051.than.html,AN,51,6,773,Ven. Sāriputta,3
an06.051.than.html,AN,51,6,775,Ven. Ānanda,12
an06.055.than.html,AN,55,6,670,Buddha,11
an06.055.than.html,AN,55,6,771,Ven. Sona,1
an06.063.than.html,AN,63,6,670,Buddha,1
an06.087.than.html,AN,87,6,670,Buddha,2
an06.088.than.html,AN,88,6,670,Buddha,2
an06.103.than.html,AN,103,6,670,Buddha,1
an07.006.than.html,AN,6,7,670,Buddha,3
an07.007.than.html,AN,7,7,670,Buddha,2
an07.021.than.html,AN,21,7,670,Buddha,2
an07.031.than.html,AN,31,7,670,Buddha,7
an07.032.than.html,AN,32,7,670,Buddha,2
an07.033.than.html,AN,33,7,670,Buddha,1
an07.034.than.html,AN,34,7,670,Buddha,8
an07.048.than.html,AN,48,7,670,Buddha,1
an07.049.than.html,AN,49,7,657,Akkosaka Bharadvaja,2
an07.049.than.html,AN,49,7,670,Buddha,6
an07.049.than.html,AN,49,7,776,Ven. Mahā Kassapa,2
an07.049.than.html,AN,49,7,773,Ven. Sāriputta,6
an07.051.than.html,AN,51,7,670,Buddha,18
an07.056.than.html,AN,56,7,670,Buddha,12
an07.058.than.html,AN,58,7,670,Buddha,4
an07.058.than.html,AN,58,7,766,Ven. Moggallana,12
an07.063.than.html,AN,63,7,670,Buddha,2
an07.063.than.html,AN,63,7,703,Mara,2
an07.068.yaho.html,AN,68,7,670,Buddha,5
an07.079.than.html,AN,79,7,670,Buddha,6
an08.002.than.html,AN,2,8,670,Buddha,4
an08.006.than.html,AN,6,8,670,Buddha,4
an08.007.than.html,AN,7,8,670,Buddha,1
an08.008.than.html,AN,8,8,670,Buddha,5
an08.009.than.html,AN,9,8,777,Ven. Nandā,17
an08.013.than.html,AN,13,8,670,Buddha,2
an08.014.than.html,AN,14,8,670,Buddha,1
an08.023.than.html,AN,23,8,670,Buddha,8
an08.024.than.html,AN,24,8,670,Buddha,8
an08.025.kuma.html,AN,25,8,670,Buddha,4
an08.026.than.html,AN,26,8,670,Buddha,3
an08.028.than.html,AN,28,8,670,Buddha,2
an08.028.than.html,AN,28,8,773,Ven. Sāriputta,1
an08.030.than.html,AN,30,8,670,Buddha,7
an08.041.vaka.html,AN,41,8,670,Buddha,4
an08.043.khan.html,AN,43,8,670,Buddha,3
an08.053.than.html,AN,53,8,670,Buddha,7
an08.054.nara.html,AN,54,8,670,Buddha,6
an08.054.than.html,AN,54,8,670,Buddha,9
an08.063.than.html,AN,63,8,670,Buddha,10
an08.086.than.html,AN,86,8,670,Buddha,12
an09.001.than.html,AN,1,9,670,Buddha,5
an09.007.than.html,AN,7,9,670,Buddha,6
an09.013.than.html,AN,13,9,670,Buddha,17
an09.013.than.html,AN,13,9,773,Ven. Sāriputta,12
an09.020.than.html,AN,20,9,661,Anathapindika,1
an09.020.than.html,AN,20,9,670,Buddha,6
an09.033.than.html,AN,33,9,670,Buddha,1
an09.034.than.html,AN,34,9,670,Buddha,2
an09.037.than.html,AN,37,9,670,Buddha,3
an09.037.than.html,AN,37,9,774,Ven. Udayin,1
an09.037.than.html,AN,37,9,775,Ven. Ānanda,5
an09.038.than.html,AN,38,9,670,Buddha,5
an09.039.than.html,AN,39,9,703,Mara,3
an09.041.than.html,AN,41,9,670,Buddha,6
an09.041.than.html,AN,41,9,775,Ven. Ānanda,11
an09.042.than.html,AN,42,9,670,Buddha,12
an09.042.than.html,AN,42,9,775,Ven. Ānanda,3
an09.043.than.html,AN,43,9,670,Buddha,4
an09.043.than.html,AN,43,9,774,Ven. Udayin,1
an09.043.than.html,AN,43,9,775,Ven. Ānanda,1
an09.044.than.html,AN,44,9,670,Buddha,4
an09.044.than.html,AN,44,9,774,Ven. Udayin,1
an09.044.than.html,AN,44,9,775,Ven. Ānanda,1
an09.045.than.html,AN,45,9,670,Buddha,4
an09.045.than.html,AN,45,9,774,Ven. Udayin,1
an09.045.than.html,AN,45,9,775,Ven. Ānanda,1
an10.006.than.html,AN,6,10,670,Buddha,2
an10.006.than.html,AN,6,10,775,Ven. Ānanda,3
an10.007.than.html,AN,7,10,773,Ven. Sāriputta,3
an10.007.than.html,AN,7,10,775,Ven. Ānanda,4
an10.015.than.html,AN,15,10,670,Buddha,1
an10.020.than.html,AN,20,10,670,Buddha,7
an10.029.than.html,AN,29,10,672,Brahma,2
an10.029.than.html,AN,29,10,696,King Pasenadi Kosala,3
an10.046.than.html,AN,46,10,670,Buddha,3
an10.048.piya.html,AN,48,10,661,Anathapindika,1
an10.048.piya.html,AN,48,10,670,Buddha,5
an10.051.than.html,AN,51,10,670,Buddha,2
an10.058.than.html,AN,58,10,670,Buddha,4
an10.060.piya.html,AN,60,10,661,Anathapindika,1
an10.060.piya.html,AN,60,10,670,Buddha,4
an10.060.piya.html,AN,60,10,775,Ven. Ānanda,35
an10.060.than.html,AN,60,10,670,Buddha,5
an10.060.than.html,AN,60,10,775,Ven. Ānanda,6
an10.065.niza.html,AN,65,10,773,Ven. Sāriputta,5
an10.066.niza.html,AN,66,10,773,Ven. Sāriputta,5
an10.069.than.html,AN,69,10,670,Buddha,2
an10.070.than.html,AN,70,10,670,Buddha,2
an10.071.than.html,AN,71,10,670,Buddha,2
an10.081.than.html,AN,81,10,670,Buddha,8
an10.092.than.html,AN,92,10,661,Anathapindika,1
an10.092.than.html,AN,92,10,670,Buddha,9
an10.093.than.html,AN,93,10,661,Anathapindika,12
an10.093.than.html,AN,93,10,670,Buddha,16
an10.094.than.html,AN,94,10,670,Buddha,15
an10.095.than.html,AN,95,10,670,Buddha,20
an10.095.than.html,AN,95,10,775,Ven. Ānanda,1
an10.096.than.html,AN,96,10,670,Buddha,12
an10.096.than.html,AN,96,10,775,Ven. Ānanda,6
an10.108.than.html,AN,108,10,670,Buddha,1
an10.118.niza.html,AN,118,10,670,Buddha,1
an10.176.than.html,AN,176,10,670,Buddha,9
an10.177.than.html,AN,177,10,670,Buddha,13
an11.001.than.html,AN,1,11,670,Buddha,3
an11.001.than.html,AN,1,11,775,Ven. Ānanda,4
an11.010.than.html,AN,10,11,670,Buddha,4
an11.012.than.html,AN,12,11,670,Buddha,18
an11.013.than.html,AN,13,11,670,Buddha,18
an11.016.piya.html,AN,16,11,670,Buddha,4
an11.017.than.html,AN,17,11,670,Buddha,4
an11.017.than.html,AN,17,11,775,Ven. Ānanda,10
an11.018.than.html,AN,18,11,670,Buddha,2
dhp.04.than.html,KN,,Dhp,670,Buddha,1
dhp.05.than.html,KN,,Dhp,670,Buddha,1
dhp.14.than.html,KN,,Dhp,670,Buddha,1
dhp.20.budd.html,KN,,Dhp,670,Buddha,2
dhp.25.than.html,KN,,Dhp,670,Buddha,3
dhp.26.than.html,KN,,Dhp,670,Buddha,2
dn.01.0.bodh.html,DN,1,,670,Buddha,52
dn.02.0.than.html,DN,2,,670,Buddha,27
dn.02.0.than.html,DN,2,,695,King Ajatasattu,9
dn.02.0.than.html,DN,2,,735,Sañjaya Belaṭṭhaputta,6
dn.09.0.than.html,DN,9,,670,Buddha,57
dn.11.0.than.html,DN,11,,672,Brahma,6
dn.11.0.than.html,DN,11,,670,Buddha,19
dn.12.0.than.html,DN,12,,670,Buddha,50
dn.12.0.than.html,DN,12,,696,King Pasenadi Kosala,2
dn.15.0.than.html,DN,15,,670,Buddha,10
dn.15.0.than.html,DN,15,,775,Ven. Ānanda,15
dn.16.1-6.vaji.html,DN,16,,670,Buddha,511
dn.16.1-6.vaji.html,DN,16,,701,King Maha Sudassana,1
dn.16.1-6.vaji.html,DN,16,,703,Mara,12
dn.16.1-6.vaji.html,DN,16,,735,Sañjaya Belaṭṭhaputta,1
dn.16.1-6.vaji.html,DN,16,,777,Ven. Nandā,2
dn.16.1-6.vaji.html,DN,16,,773,Ven. Sāriputta,6
dn.16.1-6.vaji.html,DN,16,,775,Ven. Ānanda,282
dn.16.5-6.than.html,DN,16,,670,Buddha,201
dn.16.5-6.than.html,DN,16,,695,King Ajatasattu,2
dn.16.5-6.than.html,DN,16,,701,King Maha Sudassana,1
dn.16.5-6.than.html,DN,16,,735,Sañjaya Belaṭṭhaputta,1
dn.16.5-6.than.html,DN,16,,775,Ven. Ānanda,82
dn.20.0.piya.html,DN,20,,670,Buddha,13
dn.20.0.piya.html,DN,20,,703,Mara,1
dn.20.0.piya.html,DN,20,,689,Sakka,5
dn.20.0.than.html,DN,20,,670,Buddha,19
dn.20.0.than.html,DN,20,,703,Mara,1
dn.21.2x.than.html,DN,21,,670,Buddha,36
dn.22.0.than.html,DN,22,,670,Buddha,5
dn.26.0.than.html,DN,26,,670,Buddha,2
dn.31.0.nara.html,DN,31,,670,Buddha,19
dn.32.0.piya.html,DN,32,,657,Akkosaka Bharadvaja,1
dn.32.0.piya.html,DN,32,,670,Buddha,26
dn.32.0.piya.html,DN,32,,689,Sakka,5
dn.32.0.piya.html,DN,32,,776,Ven. Mahā Kassapa,1
iti.1.001-027.than.html,KN,,Iti,670,Buddha,50
iti.2.028-049.than.html,KN,,Iti,670,Buddha,55
iti.3.050-099.than.html,KN,,Iti,670,Buddha,116
iti.3.050-099.than.html,KN,,Iti,703,Mara,2
iti.3.072-090x.irel.html,KN,,Iti,670,Buddha,3
iti.4.100-112.than.html,KN,,Iti,670,Buddha,47
iti.4.106-112x.irel.html,KN,,Iti,670,Buddha,19
khp.1-9.than.html,KN,,Khp,670,Buddha,9
khp.1-9x.piya.html,KN,,Khp,670,Buddha,10
khp.1-9x.piya.html,KN,,Khp,775,Ven. Ānanda,4
khp.5.nara.html,KN,5,Khp,670,Buddha,3
khp.5.soni.html,KN,5,Khp,670,Buddha,4
miln.5x.horn.html,KN,5,Miln,670,Buddha,70
mn.001.than.html,MN,1,,670,Buddha,11
mn.002.than.html,MN,2,,670,Buddha,4
mn.004.than.html,MN,4,,670,Buddha,15
mn.007.nypo.html,MN,7,,657,Akkosaka Bharadvaja,2
mn.007.nypo.html,MN,7,,670,Buddha,17
mn.008.nypo.html,MN,8,,670,Buddha,6
mn.009.ntbb.html,MN,9,,670,Buddha,1
mn.009.ntbb.html,MN,9,,773,Ven. Sāriputta,22
mn.009.than.html,MN,9,,670,Buddha,1
mn.010.nysa.html,MN,10,,670,Buddha,4
mn.010.soma.html,MN,10,,670,Buddha,3
mn.010.than.html,MN,10,,670,Buddha,5
mn.011.ntbb.html,MN,11,,670,Buddha,12
mn.012.ntbb.html,MN,12,,670,Buddha,45
mn.012.ntbb.html,MN,12,,773,Ven. Sāriputta,26
mn.013.than.html,MN,13,,670,Buddha,7
mn.014.than.html,MN,14,,670,Buddha,11
mn.014.than.html,MN,14,,697,King Seniya Bimbisara,6
mn.018.than.html,MN,18,,670,Buddha,23
mn.018.than.html,MN,18,,764,Ven. Mahā Kaccāyana,1
mn.018.than.html,MN,18,,775,Ven. Ānanda,3
mn.019.than.html,MN,19,,670,Buddha,5
mn.019.than.html,MN,19,,703,Mara,1
mn.020.soma.html,MN,20,,670,Buddha,4
mn.020.than.html,MN,20,,670,Buddha,4
mn.021x.budd.html,MN,21,,670,Buddha,2
mn.021x.than.html,MN,21,,670,Buddha,2
mn.022.nypo.html,MN,22,,670,Buddha,33
mn.022.nypo.html,MN,22,,719,Pajapati,1
mn.022.than.html,MN,22,,670,Buddha,51
mn.022.than.html,MN,22,,689,Sakka,1
mn.024.than.html,MN,24,,670,Buddha,35
mn.024.than.html,MN,24,,769,Ven. Punna Mantaniputta,6
mn.024.than.html,MN,24,,773,Ven. Sāriputta,2
mn.026.than.html,MN,26,,670,Buddha,31
mn.026.than.html,MN,26,,703,Mara,10
mn.026.than.html,MN,26,,775,Ven. Ānanda,12
mn.027.than.html,MN,27,,670,Buddha,73
mn.028.than.html,MN,28,,670,Buddha,7
mn.029.than.html,MN,29,,670,Buddha,4
mn.030.than.html,MN,30,,670,Buddha,10
mn.030.than.html,MN,30,,735,Sañjaya Belaṭṭhaputta,1
mn.033.than.html,MN,33,,670,Buddha,6
mn.035.than.html,MN,35,,670,Buddha,82
mn.035.than.html,MN,35,,695,King Ajatasattu,2
mn.035.than.html,MN,35,,696,King Pasenadi Kosala,2
mn.035.than.html,MN,35,,732,Saccaka the Nigaṇṭha-son,27
mn.036.than.html,MN,36,,670,Buddha,34
mn.036.than.html,MN,36,,732,Saccaka the Nigaṇṭha-son,9
mn.036.than.html,MN,36,,735,Sañjaya Belaṭṭhaputta,1
mn.036.than.html,MN,36,,777,Ven. Nandā,1
mn.036.than.html,MN,36,,775,Ven. Ānanda,1
mn.038.than.html,MN,38,,670,Buddha,28
mn.038.than.html,MN,38,,751,Sāti the Fisherman's Son,21
mn.039.than.html,MN,39,,670,Buddha,5
mn.041.nymo.html,MN,41,,670,Buddha,19
mn.041.than.html,MN,41,,670,Buddha,16
mn.043.than.html,MN,43,,670,Buddha,1
mn.043.than.html,MN,43,,773,Ven. Sāriputta,1
mn.044.than.html,MN,44,,670,Buddha,16
mn.045.than.html,MN,45,,670,Buddha,3
mn.049.than.html,MN,49,,670,Buddha,5
mn.049.than.html,MN,49,,703,Mara,12
mn.052.than.html,MN,52,,670,Buddha,4
mn.052.than.html,MN,52,,775,Ven. Ānanda,10
mn.053.than.html,MN,53,,670,Buddha,18
mn.053.than.html,MN,53,,775,Ven. Ānanda,8
mn.054x.than.html,MN,54,,670,Buddha,7
mn.057.nymo.html,MN,57,,670,Buddha,24
mn.058.than.html,MN,58,,670,Buddha,35
mn.059.nypo.html,MN,59,,670,Buddha,15
mn.059.nypo.html,MN,59,,775,Ven. Ānanda,4
mn.059.than.html,MN,59,,670,Buddha,17
mn.059.than.html,MN,59,,775,Ven. Ānanda,14
mn.060.than.html,MN,60,,670,Buddha,13
mn.061.than.html,MN,61,,670,Buddha,12
mn.062.than.html,MN,62,,670,Buddha,9
mn.063.than.html,MN,63,,670,Buddha,51
mn.066.than.html,MN,66,,670,Buddha,20
mn.066.than.html,MN,66,,774,Ven. Udayin,13
mn.070.than.html,MN,70,,670,Buddha,23
mn.072.than.html,MN,72,,670,Buddha,49
mn.074.than.html,MN,74,,670,Buddha,16
mn.075x.than.html,MN,75,,670,Buddha,20
mn.078.than.html,MN,78,,670,Buddha,9
mn.082.than.html,MN,82,,670,Buddha,34
mn.086.than.html,MN,86,,663,Angulimala,11
mn.086.than.html,MN,86,,670,Buddha,28
mn.086.than.html,MN,86,,696,King Pasenadi Kosala,1
mn.086.than.html,MN,86,,697,King Seniya Bimbisara,2
mn.087.than.html,MN,87,,670,Buddha,27
mn.090.than.html,MN,90,,670,Buddha,40
mn.090.than.html,MN,90,,696,King Pasenadi Kosala,2
mn.090.than.html,MN,90,,775,Ven. Ānanda,3
mn.093.than.html,MN,93,,670,Buddha,29
mn.095x.than.html,MN,95,,657,Akkosaka Bharadvaja,14
mn.095x.than.html,MN,95,,670,Buddha,40
mn.097.than.html,MN,97,,670,Buddha,13
mn.097.than.html,MN,97,,773,Ven. Sāriputta,3
mn.101.than.html,MN,101,,670,Buddha,21
mn.105.than.html,MN,105,,670,Buddha,16
mn.106.than.html,MN,106,,670,Buddha,7
mn.106.than.html,MN,106,,775,Ven. Ānanda,10
mn.107.horn.html,MN,107,,670,Buddha,7
mn.108.than.html,MN,108,,670,Buddha,26
mn.108.than.html,MN,108,,695,King Ajatasattu,1
mn.108.than.html,MN,108,,766,Ven. Moggallana,9
mn.108.than.html,MN,108,,775,Ven. Ānanda,13
mn.109.than.html,MN,109,,670,Buddha,10
mn.110.than.html,MN,110,,670,Buddha,3
mn.111.than.html,MN,111,,670,Buddha,7
mn.111.than.html,MN,111,,773,Ven. Sāriputta,15
mn.113.than.html,MN,113,,670,Buddha,7
mn.116.piya.html,MN,116,,657,Akkosaka Bharadvaja,2
mn.116.piya.html,MN,116,,670,Buddha,3
mn.116.piya.html,MN,116,,688,Hinga,1
mn.116.piya.html,MN,116,,777,Ven. Nandā,1
mn.116.piya.html,MN,116,,775,Ven. Ānanda,1
mn.117.than.html,MN,117,,670,Buddha,5
mn.118.than.html,MN,118,,670,Buddha,7
mn.118.than.html,MN,118,,766,Ven. Moggallana,1
mn.118.than.html,MN,118,,775,Ven. Ānanda,1
mn.119.than.html,MN,119,,670,Buddha,8
mn.121.than.html,MN,121,,670,Buddha,7
mn.121.than.html,MN,121,,775,Ven. Ānanda,13
mn.122.than.html,MN,122,,670,Buddha,17
mn.122.than.html,MN,122,,703,Mara,1
mn.122.than.html,MN,122,,775,Ven. Ānanda,16
mn.125.horn.html,MN,125,,670,Buddha,11
mn.126.than.html,MN,126,,670,Buddha,21
mn.130.than.html,MN,130,,670,Buddha,7
mn.131.nana.html,MN,131,,670,Buddha,5
mn.131.than.html,MN,131,,670,Buddha,4
mn.135.nymo.html,MN,135,,670,Buddha,15
mn.135.than.html,MN,135,,670,Buddha,13
mn.136.nymo.html,MN,136,,670,Buddha,24
mn.136.nymo.html,MN,136,,774,Ven. Udayin,2
mn.136.nymo.html,MN,136,,775,Ven. Ānanda,20
mn.136.than.html,MN,136,,670,Buddha,25
mn.136.than.html,MN,136,,774,Ven. Udayin,1
mn.137.than.html,MN,137,,670,Buddha,18
mn.138.than.html,MN,138,,670,Buddha,20
mn.138.than.html,MN,138,,764,Ven. Mahā Kaccāyana,1
mn.140.than.html,MN,140,,670,Buddha,28
mn.141.piya.html,MN,141,,670,Buddha,8
mn.141.piya.html,MN,141,,766,Ven. Moggallana,4
mn.141.piya.html,MN,141,,773,Ven. Sāriputta,10
mn.141.than.html,MN,141,,670,Buddha,4
mn.141.than.html,MN,141,,766,Ven. Moggallana,4
mn.141.than.html,MN,141,,773,Ven. Sāriputta,3
mn.143.than.html,MN,143,,661,Anathapindika,21
mn.143.than.html,MN,143,,670,Buddha,15
mn.143.than.html,MN,143,,773,Ven. Sāriputta,2
mn.143.than.html,MN,143,,775,Ven. Ānanda,6
mn.143x.olen.html,MN,143,,661,Anathapindika,6
mn.143x.olen.html,MN,143,,670,Buddha,1
mn.143x.olen.html,MN,143,,773,Ven. Sāriputta,5
mn.143x.olen.html,MN,143,,775,Ven. Ānanda,4
mn.146.than.html,MN,146,,670,Buddha,13
mn.146.than.html,MN,146,,775,Ven. Ānanda,2
mn.147.than.html,MN,147,,670,Buddha,12
mn.148.than.html,MN,148,,670,Buddha,3
mn.149.than.html,MN,149,,670,Buddha,4
mn.152.than.html,MN,152,,670,Buddha,12
mn.152.than.html,MN,152,,775,Ven. Ānanda,8
sn01.001.than.html,SN,1,1,670,Buddha,4
sn01.003.wlsh.html,SN,3,1,670,Buddha,5
sn01.009.wlsh.html,SN,9,1,670,Buddha,2
sn01.010.than.html,SN,10,1,670,Buddha,1
sn01.017.wlsh.html,SN,17,1,670,Buddha,2
sn01.020.than.html,SN,20,1,670,Buddha,20
sn01.020.wlsh.html,SN,20,1,670,Buddha,13
sn01.025.wlsh.html,SN,25,1,670,Buddha,2
sn01.038.than.html,SN,38,1,670,Buddha,9
sn01.041.than.html,SN,41,1,670,Buddha,3
sn01.071.than.html,SN,71,1,670,Buddha,1
sn02.007.than.html,SN,7,2,670,Buddha,2
sn02.008.wlsh.html,SN,8,2,670,Buddha,4
sn02.009.piya.html,SN,9,2,670,Buddha,5
sn02.010.piya.html,SN,10,2,670,Buddha,5
sn02.019.than.html,SN,19,2,670,Buddha,1
sn02.026.than.html,SN,26,2,670,Buddha,7
sn03.001.than.html,SN,1,3,670,Buddha,12
sn03.001.than.html,SN,1,3,735,Sañjaya Belaṭṭhaputta,1
sn03.004.than.html,SN,4,3,670,Buddha,3
sn03.005.than.html,SN,5,3,670,Buddha,3
sn03.006.than.html,SN,6,3,670,Buddha,3
sn03.007.than.html,SN,7,3,670,Buddha,3
sn03.008.wlsh.html,SN,8,3,670,Buddha,3
sn03.008.wlsh.html,SN,8,3,696,King Pasenadi Kosala,1
sn03.013.olen.html,SN,13,3,696,King Pasenadi Kosala,5
sn03.013.wlsh.html,SN,13,3,670,Buddha,4
sn03.013.wlsh.html,SN,13,3,696,King Pasenadi Kosala,2
sn03.014.than.html,SN,14,3,670,Buddha,4
sn03.014.than.html,SN,14,3,695,King Ajatasattu,11
sn03.014.than.html,SN,14,3,696,King Pasenadi Kosala,12
sn03.015.than.html,SN,15,3,670,Buddha,3
sn03.015.than.html,SN,15,3,695,King Ajatasattu,7
sn03.015.than.html,SN,15,3,696,King Pasenadi Kosala,6
sn03.017.than.html,SN,17,3,670,Buddha,3
sn03.019.than.html,SN,19,3,670,Buddha,5
sn03.020.than.html,SN,20,3,670,Buddha,5
sn03.023.than.html,SN,23,3,670,Buddha,3
sn03.024.than.html,SN,24,3,670,Buddha,3
sn03.025.than.html,SN,25,3,670,Buddha,4
sn04.008.than.html,SN,8,4,670,Buddha,3
sn04.008.than.html,SN,8,4,703,Mara,2
sn04.013.than.html,SN,13,4,670,Buddha,3
sn04.013.than.html,SN,13,4,703,Mara,2
sn04.019.than.html,SN,19,4,670,Buddha,3
sn04.019.than.html,SN,19,4,703,Mara,9
sn04.020.than.html,SN,20,4,670,Buddha,6
sn04.020.than.html,SN,20,4,703,Mara,3
sn05.001.bodh.html,SN,1,5,659,Alavaka,1
sn05.001.bodh.html,SN,1,5,670,Buddha,1
sn05.001.bodh.html,SN,1,5,703,Mara,5
sn05.001.than.html,SN,1,5,659,Alavaka,3
sn05.001.than.html,SN,1,5,703,Mara,5
sn05.002.bodh.html,SN,2,5,703,Mara,4
sn05.002.than.html,SN,2,5,703,Mara,4
sn05.003.bodh.html,SN,3,5,703,Mara,4
sn05.003.than.html,SN,3,5,703,Mara,4
sn05.004.bodh.html,SN,4,5,703,Mara,4
sn05.004.than.html,SN,4,5,703,Mara,4
sn05.005.bodh.html,SN,5,5,703,Mara,4
sn05.005.than.html,SN,5,5,703,Mara,4
sn05.006.bodh.html,SN,6,5,703,Mara,2
sn05.006.than.html,SN,6,5,670,Buddha,1
sn05.006.than.html,SN,6,5,703,Mara,2
sn05.007.bodh.html,SN,7,5,703,Mara,2
sn05.007.than.html,SN,7,5,703,Mara,2
sn05.008.bodh.html,SN,8,5,670,Buddha,2
sn05.008.bodh.html,SN,8,5,703,Mara,2
sn05.008.than.html,SN,8,5,670,Buddha,2
sn05.008.than.html,SN,8,5,703,Mara,2
sn05.009.bodh.html,SN,9,5,703,Mara,4
sn05.009.than.html,SN,9,5,703,Mara,4
sn05.010.bodh.html,SN,10,5,703,Mara,4
sn05.010.than.html,SN,10,5,703,Mara,4
sn06.001.than.html,SN,1,6,670,Buddha,16
sn06.002.than.html,SN,2,6,670,Buddha,6
sn06.015.than.html,SN,15,6,670,Buddha,12
sn06.015.than.html,SN,15,6,775,Ven. Ānanda,1
sn07.001.wlsh.html,SN,1,7,670,Buddha,10
sn07.002.budd.html,SN,2,7,657,Akkosaka Bharadvaja,7
sn07.002.budd.html,SN,2,7,670,Buddha,11
sn07.002.than.html,SN,2,7,657,Akkosaka Bharadvaja,3
sn07.002.than.html,SN,2,7,670,Buddha,14
sn07.002.wlsh.html,SN,2,7,657,Akkosaka Bharadvaja,2
sn07.002.wlsh.html,SN,2,7,670,Buddha,4
sn07.006.than.html,SN,6,7,657,Akkosaka Bharadvaja,1
sn07.006.than.html,SN,6,7,670,Buddha,8
sn07.011.piya.html,SN,11,7,657,Akkosaka Bharadvaja,2
sn07.011.piya.html,SN,11,7,670,Buddha,17
sn07.011.than.html,SN,11,7,657,Akkosaka Bharadvaja,1
sn07.011.than.html,SN,11,7,670,Buddha,21
sn07.014.than.html,SN,14,7,670,Buddha,14
sn07.017.than.html,SN,17,7,657,Akkosaka Bharadvaja,1
sn07.017.than.html,SN,17,7,670,Buddha,8
sn07.018.than.html,SN,18,7,657,Akkosaka Bharadvaja,3
sn07.018.than.html,SN,18,7,670,Buddha,4
sn07.021.wlsh.html,SN,21,7,670,Buddha,7
sn08.004.than.html,SN,4,8,775,Ven. Ānanda,4
sn09.011.than.html,SN,11,9,670,Buddha,1
sn10.008.than.html,SN,8,10,661,Anathapindika,9
sn10.008.than.html,SN,8,10,670,Buddha,10
sn10.012.piya.html,SN,12,10,670,Buddha,16
sn10.012.than.html,SN,12,10,670,Buddha,9
sn11.003.piya.html,SN,3,11,661,Anathapindika,1
sn11.003.piya.html,SN,3,11,670,Buddha,12
sn11.003.than.html,SN,3,11,670,Buddha,10
sn11.005.than.html,SN,5,11,670,Buddha,2
sn12.011.than.html,SN,11,12,670,Buddha,1
sn12.012.nypo.html,SN,12,12,670,Buddha,6
sn12.012.than.html,SN,12,12,670,Buddha,6
sn12.015.than.html,SN,15,12,670,Buddha,3
sn12.015.wlsh.html,SN,15,12,670,Buddha,1
sn12.017.than.html,SN,17,12,670,Buddha,15
sn12.017.than.html,SN,17,12,776,Ven. Mahā Kassapa,20
sn12.017x.wlsh.html,SN,17,12,670,Buddha,3
sn12.017x.wlsh.html,SN,17,12,776,Ven. Mahā Kassapa,9
sn12.019.than.html,SN,19,12,670,Buddha,4
sn12.020.than.html,SN,20,12,670,Buddha,3
sn12.023.bodh.html,SN,23,12,670,Buddha,1
sn12.023x.wlsh.html,SN,23,12,670,Buddha,1
sn12.025.than.html,SN,25,12,670,Buddha,9
sn12.025.than.html,SN,25,12,773,Ven. Sāriputta,2
sn12.025.than.html,SN,25,12,775,Ven. Ānanda,3
sn12.031.than.html,SN,31,12,670,Buddha,2
sn12.031.than.html,SN,31,12,773,Ven. Sāriputta,4
sn12.031x.nypo.html,SN,31,12,670,Buddha,1
sn12.035.than.html,SN,35,12,670,Buddha,15
sn12.038.than.html,SN,38,12,670,Buddha,1
sn12.038.wlsh.html,SN,38,12,670,Buddha,1
sn12.044.than.html,SN,44,12,670,Buddha,3
sn12.046.than.html,SN,46,12,670,Buddha,10
sn12.048.than.html,SN,48,12,670,Buddha,9
sn12.052.than.html,SN,52,12,670,Buddha,1
sn12.060x.wlsh.html,SN,60,12,670,Buddha,1
sn12.061.niza.html,SN,61,12,661,Anathapindika,1
sn12.061.niza.html,SN,61,12,670,Buddha,3
sn12.061.than.html,SN,61,12,670,Buddha,1
sn12.067.than.html,SN,67,12,773,Ven. Sāriputta,7
sn12.068.than.html,SN,68,12,775,Ven. Ānanda,3
sn12.070.than.html,SN,70,12,670,Buddha,18
sn12.070.than.html,SN,70,12,775,Ven. Ānanda,6
sn13.001.than.html,SN,1,13,670,Buddha,4
sn14.011.than.html,SN,11,14,670,Buddha,1
sn15.003.than.html,SN,3,15,670,Buddha,2
sn15.009.than.html,SN,9,15,670,Buddha,1
sn15.011.than.html,SN,11,15,670,Buddha,1
sn15.012.than.html,SN,12,15,670,Buddha,1
sn15.013.than.html,SN,13,15,670,Buddha,7
sn15.014.than.html,SN,,15,670,Buddha,1
sn16.001.wlsh.html,SN,1,16,776,Ven. Mahā Kassapa,4
sn16.002.wlsh.html,SN,2,16,776,Ven. Mahā Kassapa,2
sn16.005.than.html,SN,5,16,670,Buddha,4
sn16.005.than.html,SN,5,16,776,Ven. Mahā Kassapa,3
sn16.013.than.html,SN,13,16,670,Buddha,5
sn16.013.than.html,SN,13,16,776,Ven. Mahā Kassapa,1
sn16.013.wlsh.html,SN,13,16,670,Buddha,1
sn16.013.wlsh.html,SN,13,16,776,Ven. Mahā Kassapa,4
sn17.003.than.html,SN,3,17,703,Mara,2
sn20.002.than.html,SN,2,20,670,Buddha,3
sn20.007.than.html,SN,7,20,670,Buddha,3
sn21.001.than.html,SN,1,21,670,Buddha,4
sn21.001.than.html,SN,1,21,766,Ven. Moggallana,4
sn21.002.than.html,SN,2,21,670,Buddha,4
sn21.002.than.html,SN,2,21,773,Ven. Sāriputta,1
sn21.002.than.html,SN,2,21,775,Ven. Ānanda,2
sn21.006.niza.html,SN,6,21,670,Buddha,5
sn21.008.wlsh.html,SN,8,21,670,Buddha,4
sn21.008.wlsh.html,SN,8,21,777,Ven. Nandā,3
sn21.010.than.html,SN,10,21,670,Buddha,9
sn22.001.than.html,SN,1,22,670,Buddha,18
sn22.002.than.html,SN,2,22,670,Buddha,13
sn22.002.than.html,SN,2,22,773,Ven. Sāriputta,4
sn22.003.than.html,SN,3,22,670,Buddha,12
sn22.005.than.html,SN,5,22,670,Buddha,2
sn22.007.wlsh.html,SN,7,22,670,Buddha,1
sn22.022.niza.html,SN,22,22,670,Buddha,4
sn22.022.than.html,SN,22,22,670,Buddha,3
sn22.022.wlsh.html,SN,22,22,670,Buddha,2
sn22.023.than.html,SN,23,22,670,Buddha,1
sn22.036.than.html,SN,36,22,670,Buddha,8
sn22.047.than.html,SN,47,22,670,Buddha,1
sn22.048.than.html,SN,48,22,670,Buddha,2
sn22.049.wlsh.html,SN,49,22,670,Buddha,1
sn22.053.than.html,SN,53,22,670,Buddha,1
sn22.054.than.html,SN,54,22,670,Buddha,2
sn22.055.than.html,SN,55,22,670,Buddha,2
sn22.056.than.html,SN,56,22,670,Buddha,1
sn22.057.than.html,SN,57,22,670,Buddha,3
sn22.058.than.html,SN,58,22,670,Buddha,8
sn22.059.mend.html,SN,59,22,670,Buddha,4
sn22.059.nymo.html,SN,59,22,670,Buddha,3
sn22.059.than.html,SN,59,22,670,Buddha,2
sn22.060.than.html,SN,60,22,670,Buddha,4
sn22.063.wlsh.html,SN,63,22,670,Buddha,4
sn22.063.wlsh.html,SN,63,22,703,Mara,3
sn22.079.than.html,SN,79,22,689,Sakka,1
sn22.080.than.html,SN,80,22,670,Buddha,16
sn22.081.than.html,SN,81,22,670,Buddha,10
sn22.081.than.html,SN,81,22,775,Ven. Ānanda,5
sn22.083.than.html,SN,83,22,775,Ven. Ānanda,6
sn22.084.than.html,SN,84,22,670,Buddha,11
sn22.084x.wlsh.html,SN,84,22,670,Buddha,1
sn22.085.than.html,SN,85,22,670,Buddha,21
sn22.085.than.html,SN,85,22,773,Ven. Sāriputta,4
sn22.086.than.html,SN,86,22,670,Buddha,29
sn22.086.wlsh.html,SN,86,22,670,Buddha,1
sn22.087x.wlsh.html,SN,87,22,670,Buddha,4
sn22.089.than.html,SN,89,22,670,Buddha,9
sn22.090.than.html,SN,90,22,670,Buddha,3
sn22.090.than.html,SN,90,22,775,Ven. Ānanda,11
sn22.093.than.html,SN,93,22,670,Buddha,1
sn22.095.than.html,SN,95,22,670,Buddha,3
sn22.097.than.html,SN,97,22,670,Buddha,2
sn22.099.than.html,SN,99,22,670,Buddha,1
sn22.100.than.html,SN,100,22,670,Buddha,1
sn22.101.than.html,SN,101,22,670,Buddha,1
sn22.109.wlsh.html,SN,109,22,670,Buddha,1
sn22.121.than.html,SN,121,22,670,Buddha,2
sn22.122.than.html,SN,122,22,773,Ven. Sāriputta,1
sn23.002.than.html,SN,2,23,670,Buddha,3
sn35.023.than.html,SN,23,35,670,Buddha,1
sn35.024.than.html,SN,24,35,670,Buddha,1
sn35.028.nymo.html,SN,28,35,670,Buddha,2
sn35.028.than.html,SN,28,35,670,Buddha,2
sn35.063.than.html,SN,63,35,670,Buddha,2
sn35.069.than.html,SN,69,35,773,Ven. Sāriputta,1
sn35.074.than.html,SN,74,35,670,Buddha,11
sn35.075.than.html,SN,75,35,670,Buddha,11
sn35.080.than.html,SN,80,35,670,Buddha,2
sn35.082.than.html,SN,82,35,670,Buddha,2
sn35.085.than.html,SN,85,35,670,Buddha,2
sn35.085.than.html,SN,85,35,775,Ven. Ānanda,2
sn35.088.than.html,SN,88,35,670,Buddha,13
sn35.088.than.html,SN,88,35,769,Ven. Punna Mantaniputta,1
sn35.095.than.html,SN,95,35,670,Buddha,12
sn35.095.wlsh.html,SN,95,35,670,Buddha,3
sn35.097.than.html,SN,97,35,670,Buddha,1
sn35.115.than.html,SN,115,35,703,Mara,4
sn35.127.than.html,SN,127,35,670,Buddha,5
sn35.127.wlsh.html,SN,127,35,670,Buddha,4
sn35.152.wlsh.html,SN,152,35,670,Buddha,3
sn35.153.than.html,SN,153,35,670,Buddha,2
sn35.189.than.html,SN,189,35,703,Mara,4
sn35.191.than.html,SN,191,35,670,Buddha,12
sn35.191.than.html,SN,191,35,773,Ven. Sāriputta,1
sn35.191.wlsh.html,SN,191,35,670,Buddha,6
sn35.193.than.html,SN,193,35,670,Buddha,3
sn35.193.than.html,SN,193,35,775,Ven. Ānanda,3
sn35.197.than.html,SN,197,35,670,Buddha,1
sn35.200.than.html,SN,200,35,670,Buddha,7
sn35.200.than.html,SN,200,35,777,Ven. Nandā,5
sn35.202.than.html,SN,202,35,670,Buddha,16
sn35.202.than.html,SN,202,35,766,Ven. Moggallana,10
sn35.204.than.html,SN,204,35,670,Buddha,3
sn35.204.wlsh.html,SN,204,35,670,Buddha,1
sn35.207.than.html,SN,207,35,703,Mara,1
sn36.006.than.html,SN,6,36,670,Buddha,4
sn36.007.nypo.html,SN,7,36,670,Buddha,2
sn36.007.than.html,SN,7,36,670,Buddha,1
sn36.008.nypo.html,SN,8,36,670,Buddha,1
sn36.011.nypo.html,SN,11,36,670,Buddha,5
sn36.011.than.html,SN,11,36,670,Buddha,6
sn36.015.nypo.html,SN,15,36,670,Buddha,1
sn36.015.nypo.html,SN,15,36,775,Ven. Ānanda,3
sn36.019.nypo.html,SN,19,36,670,Buddha,12
sn36.019.nypo.html,SN,19,36,775,Ven. Ānanda,3
sn36.019.than.html,SN,19,36,670,Buddha,14
sn36.019.than.html,SN,19,36,775,Ven. Ānanda,13
sn36.021.nypo.html,SN,21,36,670,Buddha,2
sn36.021.than.html,SN,21,36,670,Buddha,9
sn36.022.than.html,SN,22,36,670,Buddha,1
sn36.023.than.html,SN,23,36,670,Buddha,2
sn38.014.than.html,SN,14,38,773,Ven. Sāriputta,1
sn40.009.wlsh.html,SN,9,40,670,Buddha,2
sn41.003.than.html,SN,3,41,670,Buddha,4
sn41.005.niza.html,SN,5,41,670,Buddha,3
sn41.010.than.html,SN,10,41,670,Buddha,5
sn42.002.than.html,SN,2,42,670,Buddha,10
sn42.003.than.html,SN,3,42,670,Buddha,9
sn42.006.than.html,SN,6,42,670,Buddha,8
sn42.007.wlsh.html,SN,7,42,670,Buddha,2
sn42.008.than.html,SN,8,42,670,Buddha,10
sn42.009.than.html,SN,9,42,670,Buddha,23
sn42.010.than.html,SN,10,42,670,Buddha,5
sn42.011.than.html,SN,11,42,670,Buddha,6
sn44.001.than.html,SN,1,44,670,Buddha,41
sn44.001.than.html,SN,1,44,763,Ven. Khema,7
sn44.002.than.html,SN,2,44,670,Buddha,29
sn44.003.than.html,SN,3,44,670,Buddha,31
sn44.003.than.html,SN,3,44,773,Ven. Sāriputta,3
sn44.004.than.html,SN,4,44,670,Buddha,36
sn44.004.than.html,SN,4,44,773,Ven. Sāriputta,3
sn44.005.than.html,SN,5,44,670,Buddha,36
sn44.005.than.html,SN,5,44,773,Ven. Sāriputta,3
sn44.006.than.html,SN,6,44,670,Buddha,67
sn44.007.than.html,SN,7,44,670,Buddha,25
sn44.007.than.html,SN,7,44,766,Ven. Moggallana,3
sn44.008.than.html,SN,8,44,670,Buddha,22
sn44.008.than.html,SN,8,44,766,Ven. Moggallana,2
sn44.009.than.html,SN,9,44,670,Buddha,4
sn44.009.than.html,SN,9,44,735,Sañjaya Belaṭṭhaputta,1
sn44.010.than.html,SN,10,44,670,Buddha,7
sn44.010.than.html,SN,10,44,775,Ven. Ānanda,2
sn44.011.than.html,SN,11,44,670,Buddha,24
sn45.001.than.html,SN,1,45,670,Buddha,2
sn45.002.than.html,SN,2,45,670,Buddha,4
sn45.002.than.html,SN,2,45,775,Ven. Ānanda,3
sn45.008.than.html,SN,8,45,670,Buddha,4
sn46.014.piya.html,SN,14,46,670,Buddha,4
sn46.014.piya.html,SN,14,46,776,Ven. Mahā Kassapa,10
sn46.014.than.html,SN,14,46,670,Buddha,5
sn46.014.than.html,SN,14,46,776,Ven. Mahā Kassapa,3
sn46.016.piya.html,SN,16,46,670,Buddha,21
sn46.053.than.html,SN,53,46,670,Buddha,5
sn46.054.than.html,SN,54,46,670,Buddha,5
sn47.010.olen.html,SN,10,47,775,Ven. Ānanda,8
sn47.013.nypo.html,SN,13,47,670,Buddha,7
sn47.013.nypo.html,SN,13,47,773,Ven. Sāriputta,10
sn47.013.nypo.html,SN,13,47,775,Ven. Ānanda,8
sn47.013.than.html,SN,13,47,670,Buddha,4
sn47.013.than.html,SN,13,47,773,Ven. Sāriputta,2
sn47.013.than.html,SN,13,47,775,Ven. Ānanda,7
sn47.014.nypo.html,SN,14,47,670,Buddha,3
sn47.014.nypo.html,SN,14,47,773,Ven. Sāriputta,5
sn47.019.than.html,SN,19,47,670,Buddha,6
sn47.020.than.html,SN,20,47,670,Buddha,3
sn47.042.than.html,SN,42,47,670,Buddha,3
sn47.046.wlsh.html,SN,46,47,670,Buddha,1
sn48.010.than.html,SN,10,48,670,Buddha,3
sn48.041.than.html,SN,41,48,670,Buddha,8
sn48.041.than.html,SN,41,48,775,Ven. Ānanda,2
sn48.042.wlsh.html,SN,42,48,670,Buddha,3
sn48.044.than.html,SN,44,48,670,Buddha,2
sn48.044.than.html,SN,44,48,773,Ven. Sāriputta,2
sn48.053.than.html,SN,53,48,670,Buddha,7
sn51.015.than.html,SN,15,51,670,Buddha,2
sn51.015.than.html,SN,15,51,775,Ven. Ānanda,3
sn54.006.than.html,SN,6,54,670,Buddha,4
sn54.009.than.html,SN,9,54,670,Buddha,12
sn54.009.than.html,SN,9,54,775,Ven. Ānanda,4
sn54.013.than.html,SN,13,54,670,Buddha,5
sn54.013.than.html,SN,13,54,775,Ven. Ānanda,3
sn55.001.than.html,SN,1,55,670,Buddha,7
sn55.021.than.html,SN,21,55,670,Buddha,5
sn55.022.than.html,SN,22,55,670,Buddha,11
sn55.024.wlsh.html,SN,24,55,670,Buddha,3
sn55.030.than.html,SN,30,55,670,Buddha,10
sn55.031.than.html,SN,31,55,670,Buddha,6
sn55.032.than.html,SN,32,55,670,Buddha,6
sn55.033.than.html,SN,33,55,670,Buddha,6
sn55.040.than.html,SN,40,55,670,Buddha,13
sn55.054.than.html,SN,54,55,670,Buddha,17
sn56.011.harv.html,SN,11,56,670,Buddha,9
sn56.011.nymo.html,SN,11,56,670,Buddha,5
sn56.011.piya.html,SN,11,56,670,Buddha,11
sn56.011.than.html,SN,11,56,670,Buddha,9
sn56.031.than.html,SN,31,56,670,Buddha,2
sn56.031.wlsh.html,SN,31,56,670,Buddha,3
sn56.042.than.html,SN,42,56,670,Buddha,3
sn56.045.than.html,SN,45,56,670,Buddha,3
sn56.045.than.html,SN,45,56,775,Ven. Ānanda,5
sn56.046.than.html,SN,46,56,670,Buddha,1
sn56.048.than.html,SN,48,56,670,Buddha,4
sn56.102-113.than.html,SN,,56,670,Buddha,6
snp.1.02.than.html,KN,,Sn,670,Buddha,1
snp.1.04.piya.html,KN,,Sn,657,Akkosaka Bharadvaja,2
snp.1.04.piya.html,KN,,Sn,670,Buddha,17
snp.1.04.than.html,KN,,Sn,657,Akkosaka Bharadvaja,1
snp.1.04.than.html,KN,,Sn,670,Buddha,21
snp.1.06.nara.html,KN,,Sn,670,Buddha,5
snp.1.06.piya.html,KN,,Sn,670,Buddha,27
snp.1.07.piya.html,KN,,Sn,670,Buddha,13
snp.1.10.piya.html,KN,,Sn,670,Buddha,16
snp.1.10.than.html,KN,,Sn,670,Buddha,9
snp.1.11.than.html,KN,,Sn,670,Buddha,1
snp.2.01.piya.html,KN,,Sn,670,Buddha,2
snp.2.01.than.html,KN,,Sn,670,Buddha,5
snp.2.04.nara.html,KN,,Sn,670,Buddha,3
snp.2.04.piya.html,KN,,Sn,670,Buddha,3
snp.2.04.soni.html,KN,,Sn,670,Buddha,4
snp.2.04.than.html,KN,,Sn,670,Buddha,3
snp.2.06.irel.html,KN,,Sn,670,Buddha,1
snp.2.08.irel.html,KN,,Sn,689,Sakka,1
snp.2.14.irel.html,KN,,Sn,670,Buddha,3
snp.3.02.irel.html,KN,,Sn,670,Buddha,2
snp.3.02.irel.html,KN,,Sn,703,Mara,2
snp.3.02.than.html,KN,,Sn,670,Buddha,3
snp.3.02.than.html,KN,,Sn,703,Mara,2
snp.3.03.than.html,KN,,Sn,670,Buddha,9
snp.3.11.than.html,KN,,Sn,670,Buddha,2
snp.3.12.than.html,KN,,Sn,670,Buddha,36
snp.4.13.than.html,KN,,Sn,670,Buddha,1
snp.4.14.than.html,KN,,Sn,670,Buddha,2
snp.4.15.than.html,KN,,Sn,670,Buddha,1
snp.4.16.than.html,KN,,Sn,670,Buddha,1
snp.4.16.than.html,KN,,Sn,703,Mara,1
snp.5.03.than.html,KN,,Sn,670,Buddha,4
snp.5.04.than.html,KN,,Sn,670,Buddha,2
snp.5.05.than.html,KN,,Sn,670,Buddha,1
snp.5.07.than.html,KN,,Sn,670,Buddha,2
snp.5.07.than.html,KN,,Sn,777,Ven. Nandā,9
snp.5.11.than.html,KN,,Sn,670,Buddha,2
snp.5.13.than.html,KN,,Sn,670,Buddha,1
snp.5.14.than.html,KN,,Sn,670,Buddha,1
thag.01.00x.than.html,KN,1,Thag,670,Buddha,3
thag.01.00x.than.html,KN,1,Thag,703,Mara,1
thag.01.00x.than.html,KN,1,Thag,763,Ven. Khema,1
thag.02.27.than.html,KN,,Thag,670,Buddha,1
thag.03.13.than.html,KN,,Thag,670,Buddha,1
thag.05.01.than.html,KN,,Thag,670,Buddha,1
thag.06.06.than.html,KN,,Thag,670,Buddha,1
thag.06.10.than.html,KN,,Thag,670,Buddha,1
thag.06.10.than.html,KN,,Thag,773,Ven. Sāriputta,1
thag.10.02.than.html,KN,,Thag,670,Buddha,1
thag.11.01.than.html,KN,,Thag,670,Buddha,2
thag.12.02.than.html,KN,,Thag,670,Buddha,3
thag.14.01.than.html,KN,,Thag,670,Buddha,2
thag.16.01.than.html,KN,,Thag,670,Buddha,1
thag.16.04.than.html,KN,,Thag,670,Buddha,2
thag.16.08.than.html,KN,,Thag,670,Buddha,6
thag.17.03.hekh.html,KN,,Thag,670,Buddha,1
thag.17.03.hekh.html,KN,,Thag,775,Ven. Ānanda,3
thag.18.00.than.html,KN,18,Thag,670,Buddha,3
thag.18.00.than.html,KN,18,Thag,776,Ven. Mahā Kassapa,4
thag.18.00.than.html,KN,18,Thag,773,Ven. Sāriputta,2
thag.19.00.khan.html,KN,19,Thag,670,Buddha,2
thag.21.00.irel.html,KN,21,Thag,670,Buddha,40
thag.21.00.irel.html,KN,21,Thag,703,Mara,4
thag.21.00.irel.html,KN,21,Thag,766,Ven. Moggallana,2
thag.21.00.irel.html,KN,21,Thag,773,Ven. Sāriputta,2
thag.21.00.irel.html,KN,21,Thag,775,Ven. Ānanda,2
thig.05.04.hekh.html,KN,,Thig,777,Ven. Nandā,1
thig.05.04.than.html,KN,,Thig,777,Ven. Nandā,1
thig.05.06.than.html,KN,,Thig,670,Buddha,1
thig.05.11.than.html,KN,,Thig,670,Buddha,3
thig.06.02.than.html,KN,,Thig,670,Buddha,1
thig.06.06.olen.html,KN,,Thig,670,Buddha,1
thig.12.01.than.html,KN,,Thig,670,Buddha,2
thig.14.01.than.html,KN,,Thig,670,Buddha,1
ud.1.01.than.html,KN,,Ud,670,Buddha,2
ud.1.02.than.html,KN,,Ud,670,Buddha,2
ud.1.03.than.html,KN,,Ud,670,Buddha,2
ud.1.04.than.html,KN,,Ud,670,Buddha,5
ud.1.05.than.html,KN,,Ud,670,Buddha,5
ud.1.06.than.html,KN,,Ud,670,Buddha,3
ud.1.07.than.html,KN,,Ud,670,Buddha,4
ud.1.08.than.html,KN,,Ud,670,Buddha,4
ud.1.09.than.html,KN,,Ud,670,Buddha,3
ud.1.10.than.html,KN,,Ud,670,Buddha,25
ud.2.01.than.html,KN,,Ud,670,Buddha,10
ud.2.02.than.html,KN,,Ud,670,Buddha,4
ud.2.02.than.html,KN,,Ud,696,King Pasenadi Kosala,2
ud.2.02.than.html,KN,,Ud,697,King Seniya Bimbisara,2
ud.2.03.than.html,KN,,Ud,670,Buddha,3
ud.2.04.than.html,KN,,Ud,670,Buddha,7
ud.2.05.than.html,KN,,Ud,670,Buddha,5
ud.2.06.than.html,KN,,Ud,670,Buddha,3
ud.2.07.than.html,KN,,Ud,670,Buddha,5
ud.2.08.than.html,KN,,Ud,670,Buddha,30
ud.2.08.than.html,KN,,Ud,766,Ven. Moggallana,7
ud.2.09.than.html,KN,,Ud,670,Buddha,4
ud.2.10.irel.html,KN,,Ud,670,Buddha,2
ud.2.10.than.html,KN,,Ud,670,Buddha,9
ud.3.01.than.html,KN,,Ud,670,Buddha,4
ud.3.02.irel.html,KN,,Ud,670,Buddha,2
ud.3.02.irel.html,KN,,Ud,777,Ven. Nandā,12
ud.3.02.than.html,KN,,Ud,670,Buddha,28
ud.3.02.than.html,KN,,Ud,777,Ven. Nandā,11
ud.3.03.than.html,KN,,Ud,670,Buddha,36
ud.3.04.than.html,KN,,Ud,670,Buddha,4
ud.3.05.than.html,KN,,Ud,670,Buddha,4
ud.3.05.than.html,KN,,Ud,766,Ven. Moggallana,2
ud.3.06.than.html,KN,,Ud,670,Buddha,10
ud.3.07.than.html,KN,,Ud,670,Buddha,3
ud.3.08.than.html,KN,,Ud,670,Buddha,3
ud.3.09.than.html,KN,,Ud,670,Buddha,3
ud.3.10.than.html,KN,,Ud,670,Buddha,2
ud.4.01.than.html,KN,,Ud,670,Buddha,20
ud.4.02.than.html,KN,,Ud,670,Buddha,4
ud.4.03.than.html,KN,,Ud,670,Buddha,17
ud.4.04.than.html,KN,,Ud,670,Buddha,3
ud.4.04.than.html,KN,,Ud,766,Ven. Moggallana,5
ud.4.04.than.html,KN,,Ud,773,Ven. Sāriputta,2
ud.4.05.than.html,KN,,Ud,670,Buddha,8
ud.4.06.than.html,KN,,Ud,670,Buddha,4
ud.4.07.than.html,KN,,Ud,670,Buddha,4
ud.4.08.than.html,KN,,Ud,670,Buddha,9
ud.4.09.than.html,KN,,Ud,670,Buddha,3
ud.4.10.than.html,KN,,Ud,670,Buddha,4
ud.5.01.than.html,KN,,Ud,670,Buddha,4
ud.5.02.than.html,KN,,Ud,670,Buddha,6
ud.5.03.than.html,KN,,Ud,670,Buddha,22
ud.5.04.than.html,KN,,Ud,670,Buddha,3
ud.5.05.irel.html,KN,,Ud,670,Buddha,2
ud.5.05.irel.html,KN,,Ud,766,Ven. Moggallana,5
ud.5.05.irel.html,KN,,Ud,775,Ven. Ānanda,5
ud.5.05.than.html,KN,,Ud,670,Buddha,19
ud.5.05.than.html,KN,,Ud,766,Ven. Moggallana,4
ud.5.06.than.html,KN,,Ud,670,Buddha,23
ud.5.06.than.html,KN,,Ud,764,Ven. Mahā Kaccāyana,9
ud.5.06.than.html,KN,,Ud,771,Ven. Sona,13
ud.5.07.than.html,KN,,Ud,670,Buddha,4
ud.5.08.than.html,KN,,Ud,670,Buddha,6
ud.5.09.than.html,KN,,Ud,670,Buddha,4
ud.5.10.than.html,KN,,Ud,670,Buddha,4
ud.6.01.than.html,KN,,Ud,670,Buddha,38
ud.6.01.than.html,KN,,Ud,703,Mara,5
ud.6.02.than.html,KN,,Ud,670,Buddha,9
ud.6.03.than.html,KN,,Ud,670,Buddha,2
ud.6.04.irel.html,KN,,Ud,670,Buddha,4
ud.6.04.than.html,KN,,Ud,670,Buddha,8
ud.6.05.than.html,KN,,Ud,670,Buddha,4
ud.6.06.than.html,KN,,Ud,670,Buddha,4
ud.6.07.than.html,KN,,Ud,670,Buddha,4
ud.6.08.than.html,KN,,Ud,670,Buddha,4
ud.6.09.olen.html,KN,,Ud,661,Anathapindika,1
ud.6.09.than.html,KN,,Ud,670,Buddha,4
ud.6.10.than.html,KN,,Ud,670,Buddha,6
ud.7.01.than.html,KN,,Ud,670,Buddha,3
ud.7.02.than.html,KN,,Ud,670,Buddha,3
ud.7.03.than.html,KN,,Ud,670,Buddha,4
ud.7.04.than.html,KN,,Ud,670,Buddha,3
ud.7.05.niza.html,KN,,Ud,661,Anathapindika,1
ud.7.05.niza.html,KN,,Ud,670,Buddha,3
ud.7.05.than.html,KN,,Ud,670,Buddha,5
ud.7.06.than.html,KN,,Ud,670,Buddha,4
ud.7.07.than.html,KN,,Ud,670,Buddha,3
ud.7.08.than.html,KN,,Ud,670,Buddha,4
ud.7.09.irel.html,KN,,Ud,670,Buddha,2
ud.7.09.irel.html,KN,,Ud,775,Ven. Ānanda,11
ud.7.09.than.html,KN,,Ud,670,Buddha,10
ud.7.10.than.html,KN,,Ud,670,Buddha,4
ud.8.01.than.html,KN,,Ud,670,Buddha,3
ud.8.02.than.html,KN,,Ud,670,Buddha,3
ud.8.03.than.html,KN,,Ud,670,Buddha,3
ud.8.04.than.html,KN,,Ud,670,Buddha,3
ud.8.05.than.html,KN,,Ud,670,Buddha,54
ud.8.06.than.html,KN,,Ud,670,Buddha,30
ud.8.07.than.html,KN,,Ud,670,Buddha,12
ud.8.08.than.html,KN,,Ud,670,Buddha,5
ud.8.09.than.html,KN,,Ud,670,Buddha,5
ud.8.10.than.html,KN,,Ud,670,Buddha,3
vv.1.16.irel.html,KN,,Vv,670,Buddha,16
